Metric,Value,Formatted_Value
Expected Annual Return,0.15248429928641646,15.25%
Annual Volatility,0.3083307450286134,30.83%
Sharpe Ratio,0.49454782484395376,0.495
