Metric,Value,Formatted_Value
Expected Annual Return,0.15603263270935755,15.60%
Annual Volatility,0.3115897558986873,31.16%
Sharpe Ratio,0.5007630377941282,0.501
